"","كود العميل","تاريخ التسجيل","اسم العروسه","اسم العريس","العنوان","تليفون 1","تليفون 2","ملاحظات"
"تفاصيل الحجوزات","C-101","2026-02-21","رندا  محمد","محمدين","طنطا","01030925627","20022",""
"تفاصيل الحجوزات","C-102","2026-02-21","رندا  محمد احمد","dcsds","طنطا","01030925629","",""
"تفاصيل الحجوزات","C-103","2026-02-21","E2E Bride Book 1771641374","E2E Bride Book 1771641374 Groom","E2E Address","01771641374","01771641374","E2E booking smoke"
"تفاصيل الحجوزات","C-104","2026-02-21","E2E Bride Book 1771641661","E2E Bride Book 1771641661 Groom","E2E Core Smoke Address","01771641661","01771641661","E2E core smoke"
"تفاصيل الحجوزات","C-105","2026-02-21","E2E Bride Del 1771641705","E2E Bride Del 1771641705 Groom","E2E Address","01771641705","01771641705","E2E customer delete"
"تفاصيل الحجوزات","C-106","2026-02-21","E2E Bride Book 1771641705","E2E Bride Book 1771641705 Groom","E2E Address","01771641706","01771641706","E2E customer booking"
"تفاصيل الحجوزات","C-107","2026-02-21","E2E Bride Book2 1771641705","E2E Bride Book2 1771641705 Groom","E2E Address","01771641707","01771641707","E2E customer booking delete"
"تفاصيل الحجوزات","C-108","2026-02-21","E2E Bride Del 1771642097","E2E Groom Del 1771642097","E2E Address","01771642097","01771642097","E2E customer edited"
"تفاصيل الحجوزات","C-109","2026-02-21","E2E Bride Book 1771642097","E2E Groom Book 1771642097","E2E Address","01771642098","01771642098","E2E customer booking"
"تفاصيل الحجوزات","C-110","2026-02-21","E2E Bride Book2 1771642097","E2E Groom Book2 1771642097","E2E Address","01771642099","01771642099","E2E customer booking delete"
"تفاصيل الحجوزات","C-111","2026-02-21","E2E Bride Book 1771642199","E2E Bride Book 1771642199 Groom","E2E Address","01771642199","01771642199","E2E booking smoke"
"تفاصيل الحجوزات","C-112","2026-02-21","E2E Bride Del 1771642495","E2E Groom Del 1771642495","E2E Address","01771642495","01771642495","E2E customer edited"
"تفاصيل الحجوزات","C-113","2026-02-21","E2E Bride Book 1771642495","E2E Groom Book 1771642495","E2E Address","01771642496","01771642496","E2E customer booking"
"تفاصيل الحجوزات","C-114","2026-02-21","E2E Bride Book2 1771642495","E2E Groom Book2 1771642495","E2E Address","01771642497","01771642497","E2E customer booking delete"
"تفاصيل الحجوزات","C-115","2026-02-21","E2E Bride Del 1771642878","E2E Groom Del 1771642878","E2E Address","01771642878","01771642878","E2E customer edited"
"تفاصيل الحجوزات","C-116","2026-02-21","E2E Bride Book 1771642878","E2E Groom Book 1771642878","E2E Address","01771642879","01771642879","E2E customer booking"
"تفاصيل الحجوزات","C-117","2026-02-21","E2E Bride Book2 1771642878","E2E Groom Book2 1771642878","E2E Address","01771642880","01771642880","E2E customer booking delete"
"تفاصيل الحجوزات","C-118","2026-02-21","E2E Bride Del 1771643272","E2E Groom Del 1771643272","E2E Address","01771643272","01771643272","E2E customer edited"
"تفاصيل الحجوزات","C-119","2026-02-21","E2E Bride Book 1771643272","E2E Groom Book 1771643272","E2E Address","01771643273","01771643273","E2E customer booking"
"تفاصيل الحجوزات","C-120","2026-02-21","E2E Bride Book2 1771643272","E2E Groom Book2 1771643272","E2E Address","01771643274","01771643274","E2E customer booking delete"
"تفاصيل الحجوزات","C-121","2026-02-21","E2E Bride Del 1771643861","E2E Groom Del 1771643861","E2E Address","01771643861","01771643861","E2E customer edited"
"تفاصيل الحجوزات","C-122","2026-02-21","E2E Bride Book 1771643861","E2E Groom Book 1771643861","E2E Address","01771643862","01771643862","E2E customer booking"
"تفاصيل الحجوزات","C-123","2026-02-21","E2E Bride Book2 1771643861","E2E Groom Book2 1771643861","E2E Address","01771643863","01771643863","E2E customer booking delete"
"تفاصيل الحجوزات","C-124","2026-02-21","E2E Bride Del 1771644298","E2E Groom Del 1771644298","E2E Address","01771644298","01771644298","E2E customer edited"
"تفاصيل الحجوزات","C-125","2026-02-21","E2E Bride Book 1771644298","E2E Groom Book 1771644298","E2E Address","01771644299","01771644299","E2E customer booking"
"تفاصيل الحجوزات","C-126","2026-02-21","E2E Bride Book2 1771644298","E2E Groom Book2 1771644298","E2E Address","01771644300","01771644300","E2E customer booking delete"
"تفاصيل الحجوزات","C-127","2026-02-21","E2E Bride Del 1771644897","E2E Groom Del 1771644897","E2E Address","01771644897","01771644897","E2E customer edited"
"تفاصيل الحجوزات","C-128","2026-02-21","E2E Bride Book 1771644897","E2E Groom Book 1771644897","E2E Address","01771644898","01771644898","E2E customer booking"
"تفاصيل الحجوزات","C-129","2026-02-21","E2E Bride Book2 1771644897","E2E Groom Book2 1771644897","E2E Address","01771644899","01771644899","E2E customer booking delete"
"تفاصيل الحجوزات","C-130","2026-02-21","E2E Bride Del 1771645364","E2E Groom Del 1771645364","E2E Address","01771645364","01771645364","E2E customer edited"
"تفاصيل الحجوزات","C-131","2026-02-21","E2E Bride Book 1771645364","E2E Groom Book 1771645364","E2E Address","01771645365","01771645365","E2E customer booking"
"تفاصيل الحجوزات","C-132","2026-02-21","E2E Bride Book2 1771645364","E2E Groom Book2 1771645364","E2E Address","01771645366","01771645366","E2E customer booking delete"
"تفاصيل الحجوزات","C-133","2026-02-21","E2E Bride Del 1771646054","E2E Groom Del 1771646054","E2E Address","01771646054","01771646054","E2E customer edited"
"تفاصيل الحجوزات","C-134","2026-02-21","E2E Bride Book 1771646054","E2E Groom Book 1771646054","E2E Address","01771646055","01771646055","E2E customer booking"
"تفاصيل الحجوزات","C-135","2026-02-21","E2E Bride Book2 1771646054","E2E Groom Book2 1771646054","E2E Address","01771646056","01771646056","E2E customer booking delete"
"تفاصيل الحجوزات","C-136","2026-02-21","E2E Bride Del 1771646411","E2E Groom Del 1771646411","E2E Address","01771646411","01771646411","E2E customer edited"
"تفاصيل الحجوزات","C-137","2026-02-21","E2E Bride Book 1771646411","E2E Groom Book 1771646411","E2E Address","01771646412","01771646412","E2E customer booking"
"تفاصيل الحجوزات","C-138","2026-02-21","E2E Bride Book2 1771646411","E2E Groom Book2 1771646411","E2E Address","01771646413","01771646413","E2E customer booking delete"
"تفاصيل الحجوزات","C-139","2026-02-21","E2E Bride Del 1771646601","E2E Groom Del 1771646601","E2E Address","01771646601","01771646601","E2E customer edited"
"تفاصيل الحجوزات","C-140","2026-02-21","E2E Bride Book 1771646601","E2E Groom Book 1771646601","E2E Address","01771646602","01771646602","E2E customer booking"
"تفاصيل الحجوزات","C-141","2026-02-21","E2E Bride Book2 1771646601","E2E Groom Book2 1771646601","E2E Address","01771646603","01771646603","E2E customer booking delete"
"تفاصيل الحجوزات","C-142","2026-02-21","E2E Bride Del 1771646777","E2E Groom Del 1771646777","E2E Address","01771646777","01771646777","E2E customer edited"
"تفاصيل الحجوزات","C-143","2026-02-21","E2E Bride Book 1771646777","E2E Groom Book 1771646777","E2E Address","01771646778","01771646778","E2E customer booking"
"تفاصيل الحجوزات","C-144","2026-02-21","E2E Bride Book2 1771646777","E2E Groom Book2 1771646777","E2E Address","01771646779","01771646779","E2E customer booking delete"
"تفاصيل الحجوزات","C-145","2026-02-21","E2E Bride Del 1771646908","E2E Groom Del 1771646908","E2E Address","01771646908","01771646908","E2E customer edited"
"تفاصيل الحجوزات","C-146","2026-02-21","E2E Bride Book 1771646908","E2E Groom Book 1771646908","E2E Address","01771646909","01771646909","E2E customer booking"
"تفاصيل الحجوزات","C-147","2026-02-21","E2E Bride Book2 1771646908","E2E Groom Book2 1771646908","E2E Address","01771646910","01771646910","E2E customer booking delete"
"تفاصيل الحجوزات","C-148","2026-02-21","E2E Bride Del 1771647163","E2E Groom Del 1771647163","E2E Address","01771647163","01771647163","E2E customer edited"
"تفاصيل الحجوزات","C-149","2026-02-21","E2E Bride Book 1771647163","E2E Groom Book 1771647163","E2E Address","01771647164","01771647164","E2E customer booking"
"تفاصيل الحجوزات","C-150","2026-02-21","E2E Bride Book2 1771647163","E2E Groom Book2 1771647163","E2E Address","01771647165","01771647165","E2E customer booking delete"
"تفاصيل الحجوزات","C-151","2026-02-21","E2E Bride Del 1771647292","E2E Groom Del 1771647292","E2E Address","01771647292","01771647292","E2E customer edited"
"تفاصيل الحجوزات","C-152","2026-02-21","E2E Bride Book 1771647292","E2E Groom Book 1771647292","E2E Address","01771647293","01771647293","E2E customer booking"
"تفاصيل الحجوزات","C-153","2026-02-21","E2E Bride Book2 1771647292","E2E Groom Book2 1771647292","E2E Address","01771647294","01771647294","E2E customer booking delete"
"تفاصيل الحجوزات","C-154","2026-02-21","E2E Bride Del 1771647753","E2E Groom Del 1771647753","E2E Address","01771647753","01771647753","E2E customer edited"
"تفاصيل الحجوزات","C-155","2026-02-21","E2E Bride Book 1771647753","E2E Groom Book 1771647753","E2E Address","01771647754","01771647754","E2E customer booking"
"تفاصيل الحجوزات","C-156","2026-02-21","E2E Bride Book2 1771647753","E2E Groom Book2 1771647753","E2E Address","01771647755","01771647755","E2E customer booking delete"
"تفاصيل الحجوزات","C-157","2026-02-21","E2E Bride Del 1771648131","E2E Groom Del 1771648131","E2E Address","01771648131","01771648131","E2E customer edited"
"تفاصيل الحجوزات","C-158","2026-02-21","E2E Bride Book 1771648131","E2E Groom Book 1771648131","E2E Address","01771648132","01771648132","E2E customer booking"
"تفاصيل الحجوزات","C-159","2026-02-21","E2E Bride Book2 1771648131","E2E Groom Book2 1771648131","E2E Address","01771648133","01771648133","E2E customer booking delete"
"تفاصيل الحجوزات","C-160","2026-02-21","E2E Bride Del 1771648661","E2E Groom Del 1771648661","E2E Address","01771648661","01771648661","E2E customer edited"
"تفاصيل الحجوزات","C-161","2026-02-21","E2E Bride Book 1771648661","E2E Groom Book 1771648661","E2E Address","01771648662","01771648662","E2E customer booking"
"تفاصيل الحجوزات","C-162","2026-02-21","E2E Bride Book2 1771648661","E2E Groom Book2 1771648661","E2E Address","01771648663","01771648663","E2E customer booking delete"
"تفاصيل الحجوزات","C-163","2026-02-21","Manual Bride 1771650601","Manual Groom 1771650601","Test address","01012345678","01012345678","manual test"
"تفاصيل الحجوزات","C-164","2026-02-21","E2E Bride Book 1771654529","E2E Bride Book 1771654529 Groom","E2E Address","01771654529","01771654529","E2E booking smoke"
"تفاصيل الحجوزات","C-165","2026-02-21","E2E Bride Del 1771654702","E2E Groom Del 1771654702","E2E Address","01771654702","01771654702","E2E customer edited"
"تفاصيل الحجوزات","C-166","2026-02-21","E2E Bride Book 1771654702","E2E Groom Book 1771654702","E2E Address","01771654703","01771654703","E2E customer booking"
"تفاصيل الحجوزات","C-167","2026-02-21","E2E Bride Book2 1771654702","E2E Groom Book2 1771654702","E2E Address","01771654704","01771654704","E2E customer booking delete"
"تفاصيل الحجوزات","C-168","2026-02-21","E2E Bride Del 1771655308","E2E Groom Del 1771655308","E2E Address","01771655308","01771655308","E2E customer edited"
"تفاصيل الحجوزات","C-169","2026-02-21","E2E Bride Book 1771655308","E2E Groom Book 1771655308","E2E Address","01771655309","01771655309","E2E customer booking"
"تفاصيل الحجوزات","C-170","2026-02-21","E2E Bride Book2 1771655308","E2E Groom Book2 1771655308","E2E Address","01771655310","01771655310","E2E customer booking delete"
"تفاصيل الحجوزات","C-171","2026-02-25","E2E Bride Book 1771983077","E2E Bride Book 1771983077 Groom","E2E Address","01771983077","01771983077","E2E booking smoke"
"تفاصيل الحجوزات","C-172","2026-02-25","ريناد محمد","احمد ابراهيم","طنطا","010221144775","01155774",""
"تفاصيل الحجوزات","C-173","2026-03-05","E2E Bride Book 1772691907","E2E Bride Book 1772691907 Groom","E2E Core Smoke Address","01772691907","01772691907","E2E core smoke"
"تفاصيل الحجوزات","C-174","2026-03-05","Test Bride","Test Groom","Test Address","0123456789","",""
"تفاصيل الحجوزات","C-175","2026-03-05","Bride After","Groom After","Addr After","0123456791","0123456792",""
"تفاصيل الحجوزات","C-176","2026-03-05","E2E Bride Book 1772740669","E2E Bride Book 1772740669 Groom","E2E Core Smoke Address","01772740669","01772740669","E2E core smoke"
"تفاصيل الحجوزات","C-177","2026-03-05","E2E Bride Book 1772741051","E2E Bride Book 1772741051 Groom","E2E Core Smoke Address","01772741051","01772741051","E2E core smoke"
"تفاصيل الحجوزات","C-178","2026-03-05","E2E Bride Book 1772741102","E2E Bride Book 1772741102 Groom","E2E Address","01772741102","01772741102","E2E booking smoke"
"تفاصيل الحجوزات","C-179","2026-03-05","صفاء حسن","محمد احمد","طنطا","0155544774445","",""
"تفاصيل الحجوزات","C-180","2026-03-05","E2E Bride Book 1772744683","E2E Bride Book 1772744683 Groom","E2E Core Smoke Address","01772744683","01772744683","E2E core smoke"
"تفاصيل الحجوزات","C-181","2026-03-05","E2E Bride Book 1772746170","E2E Bride Book 1772746170 Groom","E2E Address","01772746170","01772746170","E2E booking smoke"
"تفاصيل الحجوزات","C-182","2026-03-05","E2E Bride Book 1772746396","E2E Bride Book 1772746396 Groom","E2E Core Smoke Address","01772746396","01772746396","E2E core smoke"
"تفاصيل الحجوزات","C-183","2026-03-06","E2E Bride Book 1772748589","E2E Bride Book 1772748589 Groom","E2E Address","01772748589","01772748589","E2E booking smoke"
"تفاصيل الحجوزات","C-184","2026-03-06","E2E Bride Book 1772749559","E2E Bride Book 1772749559 Groom","E2E Core Smoke Address","01772749559","01772749559","E2E core smoke"
"تفاصيل الحجوزات","C-185","2026-03-06","E2E Bride Book 1772760463","E2E Bride Book 1772760463 Groom","E2E Core Smoke Address","01772760463","01772760463","E2E core smoke"
"تفاصيل الحجوزات","C-186","2026-03-06","E2E Bride Book 1772762465","E2E Bride Book 1772762465 Groom","E2E Core Smoke Address","01772762465","01772762465","E2E core smoke"
"تفاصيل الحجوزات","C-187","2026-03-06","E2E Bride Book 1772762527","E2E Bride Book 1772762527 Groom","E2E Address","01772762527","01772762527","E2E booking smoke"
"تفاصيل الحجوزات","C-188","2026-03-06","E2E Bride Book 1772762790","E2E Bride Book 1772762790 Groom","E2E Core Smoke Address","01772762790","01772762790","E2E core smoke"
"تفاصيل الحجوزات","C-189","2026-03-06","E2E Bride Book 1772762849","E2E Bride Book 1772762849 Groom","E2E Core Smoke Address","01772762849","01772762849","E2E core smoke"
"تفاصيل الحجوزات","C-190","2026-03-06","E2E Bride Book 1772763368","E2E Bride Book 1772763368 Groom","E2E Core Smoke Address","01772763368","01772763368","E2E core smoke"
"تفاصيل الحجوزات","C-191","2026-03-06","E2E Bride Book 1772763923","E2E Bride Book 1772763923 Groom","E2E Core Smoke Address","01772763923","01772763923","E2E core smoke"
"تفاصيل الحجوزات","C-192","2026-03-06","E2E Bride Book 1772764163","E2E Bride Book 1772764163 Groom","E2E Core Smoke Address","01772764163","01772764163","E2E core smoke"
"تفاصيل الحجوزات","C-193","2026-03-06","E2E Bride Book 1772764352","E2E Bride Book 1772764352 Groom","E2E Core Smoke Address","01772764352","01772764352","E2E core smoke"
"تفاصيل الحجوزات","C-194","2026-03-06","E2E Bride Book 1772764563","E2E Bride Book 1772764563 Groom","E2E Core Smoke Address","01772764563","01772764563","E2E core smoke"
"تفاصيل الحجوزات","C-195","2026-03-06","E2E Bride Book 1772764905","E2E Bride Book 1772764905 Groom","E2E Core Smoke Address","01772764905","01772764905","E2E core smoke"
"تفاصيل الحجوزات","C-196","2026-03-06","E2E Bride Book 1772765200","E2E Bride Book 1772765200 Groom","E2E Core Smoke Address","01772765200","01772765200","E2E core smoke"
"تفاصيل الحجوزات","C-197","2026-03-06","E2E Bride Book 1772765336","E2E Bride Book 1772765336 Groom","E2E Core Smoke Address","01772765336","01772765336","E2E core smoke"
"تفاصيل الحجوزات","C-198","2026-03-06","E2E Bride Book 1772765518","E2E Bride Book 1772765518 Groom","E2E Core Smoke Address","01772765518","01772765518","E2E core smoke"
"تفاصيل الحجوزات","C-199","2026-03-06","E2E Bride Book 1772765675","E2E Bride Book 1772765675 Groom","E2E Core Smoke Address","01772765675","01772765675","E2E core smoke"
"تفاصيل الحجوزات","C-200","2026-03-06","E2E Bride Book 1772766131","E2E Bride Book 1772766131 Groom","E2E Core Smoke Address","01772766131","01772766131","E2E core smoke"
"تفاصيل الحجوزات","C-201","2026-03-06","E2E Bride Book 1772767138","E2E Bride Book 1772767138 Groom","E2E Core Smoke Address","01772767138","01772767138","E2E core smoke"
"تفاصيل الحجوزات","C-202","2026-03-06","E2E Bride Book 1772767241","E2E Bride Book 1772767241 Groom","E2E Core Smoke Address","01772767241","01772767241","E2E core smoke"
"تفاصيل الحجوزات","C-203","2026-03-06","E2E Bride Book 1772767389","E2E Bride Book 1772767389 Groom","E2E Core Smoke Address","01772767389","01772767389","E2E core smoke"
"تفاصيل الحجوزات","C-204","2026-03-06","E2E Bride Book 1772767652","E2E Bride Book 1772767652 Groom","E2E Core Smoke Address","01772767652","01772767652","E2E core smoke"
"تفاصيل الحجوزات","C-205","2026-03-06","E2E Bride Book 1772767898","E2E Bride Book 1772767898 Groom","E2E Core Smoke Address","01772767898","01772767898","E2E core smoke"
"تفاصيل الحجوزات","C-206","2026-03-06","E2E Bride Book 1772768166","E2E Bride Book 1772768166 Groom","E2E Core Smoke Address","01772768166","01772768166","E2E core smoke"
"تفاصيل الحجوزات","C-207","2026-03-06","E2E Bride Book 1772768416","E2E Bride Book 1772768416 Groom","E2E Core Smoke Address","01772768416","01772768416","E2E core smoke"
"تفاصيل الحجوزات","C-208","2026-03-06","E2E Bride Book 1772768582","E2E Bride Book 1772768582 Groom","E2E Core Smoke Address","01772768582","01772768582","E2E core smoke"
"تفاصيل الحجوزات","C-209","2026-03-06","E2E Bride Book 1772768720","E2E Bride Book 1772768720 Groom","E2E Core Smoke Address","01772768720","01772768720","E2E core smoke"
"تفاصيل الحجوزات","C-210","2026-03-06","E2E Bride Book 1772769013","E2E Bride Book 1772769013 Groom","E2E Core Smoke Address","01772769013","01772769013","E2E core smoke"
"تفاصيل الحجوزات","C-211","2026-03-06","E2E Bride Book 1772770703","E2E Bride Book 1772770703 Groom","E2E Core Smoke Address","01772770703","01772770703","E2E core smoke"
"تفاصيل الحجوزات","C-212","2026-03-07","E2E Bride Book 1772837721","E2E Bride Book 1772837721 Groom","E2E Core Smoke Address","01772837721","01772837721","E2E core smoke"
"تفاصيل الحجوزات","C-214","2026-03-07","E2E Bride Book 1772837776","E2E Groom Book 1772837776","E2E Address","01772837777","01772837777","E2E customer booking"
"تفاصيل الحجوزات","C-215","2026-03-07","E2E Bride Book2 1772837776","E2E Groom Book2 1772837776","E2E Address","01772837778","01772837778","E2E customer booking delete"
"تفاصيل الحجوزات","C-216","2026-03-07","E2E Bride Quick 1772837776","E2E Groom Quick 1772837776","E2E Address","01772837779","01772837779","E2E customer quick add"
"تفاصيل الحجوزات","C-217","2026-03-07","E2E Bride Del 1772838404","E2E Groom Del 1772838404","E2E Address","01772838404","01772838404","E2E customer edited"
"تفاصيل الحجوزات","C-218","2026-03-07","E2E Bride Book 1772838404","E2E Groom Book 1772838404","E2E Address","01772838405","01772838405","E2E customer booking"
"تفاصيل الحجوزات","C-219","2026-03-07","E2E Bride Book2 1772838404","E2E Groom Book2 1772838404","E2E Address","01772838406","01772838406","E2E customer booking delete"
"تفاصيل الحجوزات","C-220","2026-03-07","E2E Bride Del 1772838895","E2E Groom Del 1772838895","E2E Address","01772838895","01772838895","E2E customer edited"
"تفاصيل الحجوزات","C-221","2026-03-07","E2E Bride Book 1772838895","E2E Groom Book 1772838895","E2E Address","01772838896","01772838896","E2E customer booking"
"تفاصيل الحجوزات","C-222","2026-03-07","E2E Bride Book2 1772838895","E2E Groom Book2 1772838895","E2E Address","01772838897","01772838897","E2E customer booking delete"
"تفاصيل الحجوزات","C-223","2026-03-07","E2E Bride Quick 1772838895","E2E Groom Quick 1772838895","E2E Address","01772838898","01772838898","E2E customer quick add"
"تفاصيل الحجوزات","C-224","2026-03-07","E2E Bride Del 1772839301","E2E Groom Del 1772839301","E2E Address","01772839301","01772839301","E2E customer edited"
"تفاصيل الحجوزات","C-225","2026-03-07","E2E Bride Book 1772839301","E2E Groom Book 1772839301","E2E Address","01772839302","01772839302","E2E customer booking"
"تفاصيل الحجوزات","C-226","2026-03-07","E2E Bride Book2 1772839301","E2E Groom Book2 1772839301","E2E Address","01772839303","01772839303","E2E customer booking delete"
"تفاصيل الحجوزات","C-227","2026-03-07","E2E Bride Del 1772839689","E2E Groom Del 1772839689","E2E Address","01772839689","01772839689","E2E customer edited"
"تفاصيل الحجوزات","C-228","2026-03-07","E2E Bride Book 1772839689","E2E Groom Book 1772839689","E2E Address","01772839690","01772839690","E2E customer booking"
"تفاصيل الحجوزات","C-229","2026-03-07","E2E Bride Book2 1772839689","E2E Groom Book2 1772839689","E2E Address","01772839691","01772839691","E2E customer booking delete"