"كود الخدمة","القسم","اسم الخدمة","السعر المقترح"
"S-101","الفساتين","فستان زفاف","0"
"S-102","ميكب","ميكب زفاف","0"
"S-103","الفساتين","فستان سواريه","0"
"S-104","ميكب","ميكب خطوبه","0"
"S-105","شعر","الشعر","3000"
"S-106","بشره","بشره","1500"
"S-107","ting","tingo","0"
"S-108","UNKNOWN","E2E Service Used 1771641374","500"
"S-109","الفساتين","E2E Service Used 1771641452","500"
"S-110","UNKNOWN","E2E Service Unused 1771641452","450"
"S-111","الفساتين","E2E Service Used 1771641540","500"
"S-112","UNKNOWN","E2E Service Unused 1771641540","450"
"S-113","UNKNOWN","E2E Service Used 1771641661","450"
"S-114","UNKNOWN","E2E Service Used 1771641705","500"
"S-115","UNKNOWN","E2E Service Unused 1771641705","450"
"S-116","الفساتين","E2E Service Used 1771641879","500"
"S-117","UNKNOWN","E2E Service Unused 1771641879","450"
"S-118","الفساتين","E2E Service Used 1771642097","600"
"S-119","UNKNOWN","E2E Service Unused 1771642097","450"
"S-120","UNKNOWN","E2E Service Used 1771642199","500"
"S-121","الفساتين","E2E Service Used 1771642495","600"
"S-122","UNKNOWN","E2E Service Unused 1771642495","450"
"S-123","الفساتين","E2E Service Used 1771642878","600"
"S-124","UNKNOWN","E2E Service Unused 1771642878","450"
"S-125","الفساتين","E2E Service Used 1771643272","600"
"S-126","UNKNOWN","E2E Service Unused 1771643272","450"
"S-127","الفساتين","E2E Service Used 1771643861","600"
"S-128","UNKNOWN","E2E Service Unused 1771643861","450"
"S-129","الفساتين","E2E Service Used 1771644298","600"
"S-130","UNKNOWN","E2E Service Unused 1771644298","450"
"S-131","الفساتين","E2E Service Used 1771644897","600"
"S-132","UNKNOWN","E2E Service Unused 1771644897","450"
"S-133","الفساتين","E2E Service Used 1771645364","600"
"S-134","UNKNOWN","E2E Service Unused 1771645364","450"
"S-135","الفساتين","E2E Service Used 1771646054","600"
"S-136","UNKNOWN","E2E Service Unused 1771646054","450"
"S-137","الفساتين","E2E Service Used 1771646411","600"
"S-138","UNKNOWN","E2E Service Unused 1771646411","450"
"S-139","الفساتين","E2E Service Used 1771646601","600"
"S-140","UNKNOWN","E2E Service Unused 1771646601","450"
"S-141","الفساتين","E2E Service Used 1771646777","600"
"S-142","UNKNOWN","E2E Service Unused 1771646777","450"
"S-143","الفساتين","E2E Service Used 1771646908","600"
"S-144","UNKNOWN","E2E Service Unused 1771646908","450"
"S-145","الفساتين","E2E Service Used 1771647163","600"
"S-146","UNKNOWN","E2E Service Unused 1771647163","450"
"S-147","الفساتين","E2E Service Used 1771647292","600"
"S-148","UNKNOWN","E2E Service Unused 1771647292","450"
"S-149","الفساتين","E2E Service Used 1771647753","600"
"S-150","UNKNOWN","E2E Service Unused 1771647753","450"
"S-151","الفساتين","E2E Service Used 1771648131","600"
"S-152","UNKNOWN","E2E Service Unused 1771648131","450"
"S-153","الفساتين","E2E Service Used 1771648661","600"
"S-154","UNKNOWN","E2E Service Unused 1771648661","450"
"S-155","dd","يي","0"
"S-156","UNKNOWN","E2E Service Used 1771654529","500"
"S-157","الفساتين","E2E Service Used 1771654702","600"
"S-158","UNKNOWN","E2E Service Unused 1771654702","450"
"S-159","الفساتين","E2E Service Used 1771655308","600"
"S-160","UNKNOWN","E2E Service Unused 1771655308","450"
"S-161","UNKNOWN","E2E Service Used 1771983077","500"
"S-162","UNKNOWN","E2E Service Used 1772691907","450"
"S-163","UNKNOWN","E2E Service Used 1772740669","450"
"S-164","UNKNOWN","E2E Service Used 1772741051","450"
"S-165","UNKNOWN","E2E Service Used 1772741102","500"
"S-166","UNKNOWN","E2E Service Used 1772744683","450"
"S-167","UNKNOWN","E2E Service Used 1772746170","500"
"S-168","UNKNOWN","E2E Service Used 1772746396","450"
"S-169","UNKNOWN","E2E Service Used 1772748589","450"
"S-170","UNKNOWN","E2E Service Used 1772748589","500"
"S-171","UNKNOWN","E2E Service Used 1772749559","450"
"S-172","UNKNOWN","E2E Service Used 1772749559","500"
"S-173","UNKNOWN","E2E Service Used 1772760463","450"
"S-174","UNKNOWN","E2E Service Used 1772762465","450"
"S-175","UNKNOWN","E2E Service Used 1772762527","500"
"S-176","UNKNOWN","E2E Service Used 1772762790","450"
"S-177","UNKNOWN","E2E Service Used 1772762849","450"
"S-178","UNKNOWN","E2E Service Used 1772763368","450"
"S-179","UNKNOWN","E2E Service Used 1772763923","450"
"S-180","UNKNOWN","E2E Service Used 1772764563","450"
"S-181","UNKNOWN","E2E Service Used 1772764905","450"
"S-182","UNKNOWN","E2E Service Used 1772765200","450"
"S-183","UNKNOWN","E2E Service Used 1772765336","450"
"S-184","UNKNOWN","E2E Service Used 1772765518","450"
"S-185","UNKNOWN","E2E Service Used 1772765675","450"
"S-186","UNKNOWN","E2E Service Used 1772766131","450"
"S-187","UNKNOWN","E2E Service Used 1772767138","450"
"S-188","UNKNOWN","E2E Service Used 1772767241","450"
"S-189","UNKNOWN","E2E Service Used 1772767389","450"
"S-190","UNKNOWN","E2E Service Used 1772767652","450"
"S-191","UNKNOWN","E2E Service Used 1772768582","450"
"S-192","UNKNOWN","E2E Service Used 1772769013","450"
"S-193","UNKNOWN","E2E Service Used 1772770703","450"
"S-194","UNKNOWN","E2E Service Used 1772813554","450"
"S-195","UNKNOWN","E2E Service Used 1772835083","450"
"S-196","الفساتين","E2E Service Used 1772835172","600"
"S-197","UNKNOWN","E2E Service Unused 1772835172","450"
"S-198","الفساتين","E2E Service Used 1772835901","600"
"S-199","UNKNOWN","E2E Service Unused 1772835901","450"
"S-200","الفساتين","E2E Service Used 1772836274","600"
"S-201","UNKNOWN","E2E Service Unused 1772836274","450"
"S-202","الفساتين","E2E Service Used 1772836889","600"
"S-203","UNKNOWN","E2E Service Unused 1772836889","450"
"S-204","UNKNOWN","E2E Service Used 1772837721","450"
"S-205","الفساتين","E2E Service Used 1772837776","600"
"S-207","الفساتين","E2E Service Used 1772838404","600"
"S-208","UNKNOWN","E2E Service Unused 1772838404","450"
"S-209","الفساتين","E2E Service Used 1772838895","600"
"S-210","UNKNOWN","E2E Service Unused 1772838895","450"
"S-211","الفساتين","E2E Service Used 1772839301","600"
"S-212","UNKNOWN","E2E Service Unused 1772839301","450"
"S-213","الفساتين","E2E Service Used 1772839689","600"
"S-214","UNKNOWN","E2E Service Unused 1772839689","450"